HHI,HHDL,Married,CollegGrads,AHHAge,Cars,Filed_2017,Filed_2016,Filed_2015,PoliticalParty
49685,227187,0,0,105,0,1,1,1,Democrat
64756,-507342,2,3,68,3,1,0,0,Independent
115435,521290,1,3,81,2,0,1,0,Republican
99454,251829,2,1,52,4,1,0,0,Republican
157274,-472337,0,1,28,1,1,0,1,Independent
235312,807659,2,2,45,0,1,0,0,Democrat
158461,590203,2,0,74,0,0,1,0,Republican
205734,416788,2,0,84,5,0,1,1,Democrat
238581,812542,2,3,18,2,1,0,0,Republican
214597,-193805,2,1,66,5,1,0,0,Democrat
223819,243373,2,1,34,0,0,0,0,Democrat
256348,-376906,0,2,47,1,1,0,1,Independent
145298,-287587,0,3,62,1,1,0,1,Republican
225764,735274,2,4,72,4,1,0,1,Independent
251149,-48468,0,1,87,3,0,1,0,Republican
215804,196355,1,3,28,4,0,1,1,Republican
253274,-633752,2,1,94,3,0,1,1,Republican
98778,949616,0,4,60,3,1,0,0,Republican
180631,-110700,1,2,68,3,0,0,0,Democrat
212796,709226,1,2,57,3,1,0,1,Independent
8389,571059,0,4,56,0,0,0,0,Independent
157232,-508465,1,3,22,5,0,0,1,Independent
72199,-466782,2,4,29,1,0,0,0,Democrat
110230,228644,0,3,69,4,0,1,0,Independent
280874,996100,0,0,72,1,0,0,1,Independent
58349,-347831,1,3,85,0,0,0,1,Republican
115898,-467311,1,3,73,3,0,0,1,Republican
181041,-838561,2,0,83,0,0,0,0,Republican
244708,734172,0,4,33,1,0,1,1,Independent
280202,551223,2,2,85,4,0,1,1,Republican
37718,356663,1,1,21,5,1,0,0,Independent
156150,-878490,2,3,30,4,0,0,1,Republican
132583,-295516,2,3,26,2,0,0,1,Democrat
227055,477717,0,0,30,1,1,1,1,Republican
131676,-116593,1,4,56,3,1,1,1,Democrat
172086,-977715,2,3,47,1,1,0,0,Democrat
41451,657332,2,5,68,4,1,0,0,Republican
143976,-993611,2,1,43,1,1,0,0,Independent
153052,-606726,1,2,75,2,1,0,1,Democrat
187136,-515862,0,1,52,1,1,0,1,Democrat
56319,251659,0,2,86,5,1,0,0,Democrat
257632,904991,2,4,90,5,1,1,1,Independent
15617,407762,0,5,46,0,0,0,0,Democrat
173107,363472,1,3,63,1,0,0,0,Democrat
194010,-314246,1,2,20,0,1,1,1,Independent
269969,-700509,1,0,86,5,0,0,1,Democrat
125123,-925983,0,5,50,4,0,0,0,Independent
230438,955996,0,3,80,5,1,1,0,Republican
116646,-975842,2,5,36,5,0,0,0,Democrat
87072,-371829,2,0,30,0,0,0,1,Independent
138204,144986,1,1,63,1,1,1,0,Independent
107381,-9981,1,1,31,2,1,1,0,Democrat
242682,-216274,2,2,84,5,1,1,0,Independent
107448,765465,1,1,33,0,0,1,0,Democrat
279231,260794,0,2,71,5,0,1,0,Republican
114371,650161,2,3,82,3,0,1,0,Independent
128669,341273,0,0,92,4,1,1,1,Republican
107196,-454175,1,0,43,3,1,0,0,Democrat
47132,-373946,1,4,32,1,0,1,0,Independent
191199,-867105,1,3,104,4,0,1,0,Independent
183414,-12402,1,2,28,1,0,0,1,Democrat
296757,219559,1,3,89,1,1,0,0,Independent
205956,-346390,1,0,67,4,0,0,1,Republican
152501,412431,1,1,47,1,0,1,1,Independent
236651,-312698,0,0,27,2,0,1,0,Democrat
15952,-470555,2,4,61,4,0,1,1,Democrat
250816,908585,2,0,83,0,1,1,1,Independent
86236,-641466,1,2,44,4,0,1,1,Democrat
137668,719224,2,3,46,3,1,1,1,Republican
146555,-448185,0,2,58,5,1,1,1,Republican
138961,710524,0,2,62,2,1,0,0,Democrat
97076,860456,1,1,62,5,1,0,1,Republican
64682,597517,0,5,38,4,1,0,0,Democrat
167510,547111,1,4,65,1,0,1,1,Independent
14623,282132,2,5,102,2,0,0,1,Independent
156542,679186,0,5,74,5,0,1,1,Democrat
79669,-416146,1,2,75,0,1,1,0,Democrat
46758,-753137,1,0,46,2,1,0,0,Independent
132075,-320976,1,5,55,2,0,1,1,Independent
188541,607731,0,5,44,4,0,1,1,Independent
22659,853066,0,5,34,0,0,1,1,Democrat
129537,-864214,1,3,59,0,0,0,0,Republican
213551,549486,0,5,53,4,1,1,1,Democrat
203810,-795334,0,0,37,3,0,0,0,Independent
244097,-535697,2,4,73,4,1,1,0,Independent
213667,-876390,0,4,73,2,1,0,1,Republican
284532,543020,2,2,21,0,0,0,1,Democrat
35632,-176036,0,1,23,0,0,1,1,Independent
133475,507913,2,5,74,5,1,0,1,Republican
175698,235377,2,2,74,0,1,0,1,Republican
234370,-574764,2,4,99,1,0,0,0,Republican
237567,1989,2,5,42,2,0,0,1,Democrat
275648,-482168,1,3,89,0,1,1,0,Republican
250992,571847,1,3,49,1,0,1,1,Democrat
43495,921079,1,3,83,2,1,0,1,Republican
240170,-514276,1,5,49,4,1,1,1,Democrat
36662,-395074,0,5,47,1,0,1,1,Democrat
212602,842876,2,1,78,3,0,1,1,Independent
275942,-749539,0,4,69,4,1,0,0,Democrat
261449,560076,1,2,105,3,1,0,0,Independent
158061,-689731,1,5,26,0,0,1,1,Independent
119707,881735,1,3,35,4,1,0,1,Republican
118451,-322270,2,5,84,0,1,1,0,Democrat
100622,887618,0,3,63,4,0,1,0,Democrat
212679,-297039,2,1,21,0,0,1,1,Independent
127143,-668508,1,0,28,4,1,0,1,Republican
280038,216368,0,2,86,1,1,0,0,Democrat
175184,43327,1,0,18,1,0,1,0,Independent
185442,-631055,2,5,25,1,0,0,0,Republican
125494,-504323,2,5,65,5,1,1,1,Republican
280231,-840595,0,1,85,5,1,1,1,Republican
36210,-426622,1,4,43,2,1,0,1,Republican
93548,222370,0,1,97,4,0,1,0,Democrat
103839,-768981,2,0,56,2,1,0,1,Democrat
290799,116498,2,0,18,2,0,0,1,Republican
286067,-863322,2,4,29,2,1,1,0,Republican
150694,-947643,1,0,102,3,1,1,1,Independent
292695,182068,1,1,79,0,0,0,1,Independent
43081,-384338,0,0,49,2,1,1,0,Democrat
71423,942803,0,0,30,3,1,0,0,Republican
152707,435572,1,0,36,5,0,1,1,Democrat
261325,582737,0,1,77,1,1,1,0,Independent
196970,-190655,0,3,50,5,0,0,0,Republican
238857,-405651,1,5,37,2,0,1,0,Independent
34017,-168251,2,4,33,2,1,0,1,Independent
123667,458574,1,1,54,3,0,1,1,Republican
196937,-908509,2,2,50,3,1,1,0,Independent
273517,-381823,1,1,25,1,1,0,1,Independent
120723,-497988,1,2,31,2,1,0,0,Republican
36308,985448,0,3,33,1,1,1,1,Democrat
253470,-807593,0,3,85,3,0,1,1,Independent
164544,-862568,2,5,43,4,0,0,0,Democrat
23364,799139,0,5,79,4,1,1,1,Republican
16597,195542,1,1,24,2,0,0,0,Democrat
290691,550445,0,2,21,1,1,0,0,Republican
262108,998416,1,3,41,4,1,0,1,Democrat
7673,232530,0,1,86,2,1,0,1,Democrat
166154,-359718,2,0,20,2,0,1,0,Independent
190161,-450855,1,2,69,0,0,1,1,Democrat
43040,198330,0,0,34,4,0,0,0,Democrat
270639,889292,2,4,100,5,1,1,0,Independent
26499,-236888,0,4,100,5,1,1,1,Independent
97915,773185,2,2,91,0,1,0,1,Democrat
25374,-789795,0,0,105,5,1,1,1,Democrat
259502,-159724,2,1,101,3,1,1,1,Independent
298548,-139234,0,0,62,2,0,1,1,Democrat
22564,885633,1,1,20,2,1,1,0,Independent
224496,-314505,2,5,101,0,0,1,1,Independent
203924,42745,2,4,101,2,0,1,1,Republican
69298,-593179,0,3,80,0,1,1,1,Independent
163328,153024,0,2,82,0,1,0,1,Independent
32075,944292,1,1,77,2,1,0,1,Independent
105882,-623824,1,2,22,3,0,1,1,Democrat
178409,5036,2,0,69,0,1,0,0,Democrat
19373,-115780,1,0,36,0,0,1,0,Independent
77522,102996,0,5,86,0,0,0,0,Democrat
296642,942157,1,0,75,0,0,0,0,Democrat
113140,529624,1,5,38,5,0,1,0,Republican
254366,-622995,2,3,30,4,0,1,1,Democrat
13093,77757,1,2,72,2,1,0,1,Republican
277176,546430,0,4,77,5,1,1,0,Independent
257376,-423819,2,4,46,0,1,1,0,Republican
285706,-626849,0,2,92,3,1,1,1,Republican
282321,-360451,1,5,100,4,0,1,1,Republican
206620,327040,0,5,91,4,0,0,1,Democrat
296785,779184,1,1,89,4,0,1,1,Republican
229061,-501536,2,5,69,0,0,0,0,Republican
101215,322673,2,0,59,2,1,1,1,Independent
100974,-813678,0,2,39,1,0,1,1,Republican
52566,-988427,1,2,73,0,0,1,0,Democrat
38798,-85916,1,3,64,3,0,1,1,Independent
138189,160699,1,0,88,5,1,1,0,Republican
281737,244382,2,3,101,1,1,0,1,Democrat
2808,-428,1,3,57,5,1,1,0,Independent
214242,-249444,1,3,50,3,0,1,0,Independent
154725,-949828,0,5,20,5,1,1,0,Democrat
261653,268140,1,4,53,2,1,1,1,Republican
147267,959385,1,4,24,1,0,0,1,Independent
87271,-919843,2,2,105,3,0,0,1,Independent
55643,-78079,1,5,75,0,0,1,0,Democrat
225938,421635,2,2,39,3,0,1,1,Republican
144741,90861,2,4,65,2,1,1,0,Democrat
19326,85488,0,5,52,0,0,0,1,Democrat
89126,634277,1,0,37,3,0,1,0,Republican
75413,-681544,1,2,36,2,0,1,0,Independent
289378,-598087,2,4,51,1,1,0,0,Independent
199681,-732765,0,3,36,2,0,1,1,Democrat
167963,-243890,0,2,92,4,1,0,0,Republican
154817,-736638,0,3,46,5,0,0,1,Democrat
227767,391495,0,1,69,2,0,0,1,Republican
4120,-820956,1,1,63,0,0,0,1,Republican
110341,-170580,2,1,93,0,0,1,0,Independent
43133,-191680,0,0,84,2,1,0,1,Republican
156302,-514767,0,4,26,0,1,0,0,Republican
174227,576098,0,2,56,0,0,1,1,Democrat
176708,-355924,1,5,69,2,1,0,0,Independent
198590,535510,1,4,40,1,0,0,0,Republican
490,630184,1,5,57,1,0,1,0,Democrat
197236,-83586,2,1,52,0,0,0,0,Republican
38225,-615113,0,0,27,3,0,1,0,Independent
4338,930708,2,4,88,0,0,0,1,Democrat
221093,189150,0,2,60,4,1,0,0,Democrat
15103,32148,1,1,31,1,1,0,1,Independent
141743,-846450,2,1,72,0,1,0,0,Independent
101034,984867,0,5,61,4,0,1,0,Democrat
206632,610527,2,1,29,5,0,1,0,Republican
254469,-224440,0,5,91,5,0,1,0,Democrat
238290,-449582,2,0,80,0,1,1,0,Democrat
77506,876044,0,3,24,4,0,1,0,Independent
115253,160532,1,0,49,3,0,0,1,Republican
34115,673353,2,4,23,4,1,1,0,Democrat
276093,94528,0,4,82,1,0,0,1,Independent
160685,707971,2,4,19,0,0,1,1,Independent
288968,-211093,2,1,25,0,0,1,1,Democrat
92449,160055,0,0,89,3,1,0,1,Democrat
215128,760261,2,4,38,3,0,1,0,Democrat
95048,251786,1,3,93,1,0,1,0,Democrat
15173,-895090,0,1,42,0,1,0,1,Independent
277541,-775908,0,5,63,2,1,0,1,Republican
281712,-751805,0,2,38,1,0,1,1,Republican
73899,-949349,0,5,33,1,0,0,0,Democrat
246418,-69030,1,0,51,4,0,0,1,Republican
33401,619993,2,3,51,3,0,1,1,Independent
111874,300583,0,2,46,3,0,1,1,Republican
109652,985302,1,5,87,0,1,0,0,Republican
21124,-469399,0,4,100,5,1,0,0,Republican
158376,464789,1,1,55,5,1,0,0,Republican
255916,848744,2,3,79,2,0,0,1,Independent
121090,270171,0,1,46,4,0,1,1,Republican
79242,978259,1,1,64,3,1,0,0,Democrat
182832,201229,0,0,103,3,1,1,0,Independent
117765,152579,0,2,67,5,1,0,1,Republican
184691,981581,1,5,29,3,1,1,1,Independent
195660,-656380,0,5,84,0,0,0,0,Republican
152800,960463,2,2,104,1,0,1,1,Independent
197243,-259522,2,3,32,4,1,1,0,Republican
17360,-743456,2,1,56,0,1,1,0,Democrat
38836,-694939,1,0,30,3,0,1,1,Republican
75289,-760028,0,3,80,2,1,0,0,Democrat
156475,37121,2,4,97,2,0,0,0,Republican
154850,846122,2,5,87,3,1,1,1,Republican
206154,121704,2,1,104,4,1,0,1,Independent
287490,324677,0,1,56,2,1,1,0,Democrat
112362,969322,2,3,51,4,1,0,1,Republican
118805,-952535,0,2,70,5,1,0,1,Independent
243999,-542113,0,2,32,2,0,0,1,Independent
3053,725838,0,4,87,5,1,1,1,Independent
176444,-911097,1,5,42,4,1,0,0,Democrat
234252,-949315,2,0,67,1,1,0,0,Democrat
109687,-473327,2,5,84,2,0,0,1,Democrat
220331,-696508,0,4,69,1,0,0,1,Democrat
92331,909360,2,4,73,1,1,0,0,Republican
246215,-234632,2,4,34,0,0,0,0,Republican
184941,-945015,0,3,93,0,0,0,1,Republican
258049,-505412,1,3,95,5,1,1,0,Independent
273506,-687525,2,2,69,2,0,1,0,Democrat
256608,-97731,1,5,105,0,0,0,1,Republican
14193,-401626,2,2,27,2,0,1,0,Democrat
180406,-238327,1,5,102,0,1,0,0,Democrat
144217,-488672,1,0,65,4,1,0,0,Republican
153930,494379,1,2,40,0,0,1,1,Independent
52243,-898873,0,5,102,1,1,0,1,Republican
36630,860777,2,5,86,0,0,1,1,Democrat
29291,66969,2,1,65,5,0,0,1,Republican
165899,-793472,2,0,21,2,0,0,0,Democrat
290856,-557498,0,4,51,4,0,0,1,Democrat
157710,683066,0,3,97,5,1,0,1,Republican
288902,-600704,0,3,23,1,0,0,1,Democrat
205704,123093,1,2,90,1,1,0,1,Independent
30966,-449143,2,4,94,2,0,0,1,Democrat
208935,-947247,1,4,39,2,0,1,0,Democrat
205692,-305248,1,1,82,4,0,0,0,Republican
36659,-21755,0,3,104,2,0,1,0,Republican
129274,670779,0,1,51,0,1,0,0,Independent
100820,458622,0,3,27,4,1,0,1,Democrat
74900,314435,0,5,43,4,0,1,1,Independent
129492,-688672,2,1,29,2,1,0,0,Republican
43077,-959878,1,4,38,0,1,0,1,Democrat
64672,754603,0,5,64,2,0,1,1,Independent
170346,495623,0,1,65,4,0,1,0,Independent
148836,-683219,2,2,67,2,1,1,0,Independent
170736,-547044,2,5,65,4,0,1,0,Republican
153957,-860777,2,2,21,0,1,0,0,Democrat
264587,120313,0,0,80,3,1,0,1,Republican
13417,-959440,1,0,47,4,0,1,0,Republican
206164,-32724,2,1,52,4,1,1,0,Republican
149858,-234826,2,1,71,5,1,1,1,Independent
257257,838257,0,3,97,5,0,1,1,Democrat
229943,760252,2,1,67,1,0,1,1,Independent
260055,802855,2,1,94,1,1,0,1,Independent
2018,696325,1,3,73,2,0,0,0,Independent
288754,-387789,0,5,99,2,0,0,0,Democrat
212358,-607134,2,2,60,5,1,1,0,Republican
235178,-22992,0,0,55,2,1,1,1,Democrat
139045,-728276,0,2,44,5,1,1,1,Republican
153971,42200,1,3,76,0,1,1,0,Democrat
212736,358353,1,4,37,2,1,0,1,Republican
161541,-526601,0,2,59,2,1,1,1,Republican
236393,-128169,2,1,23,2,0,1,1,Independent
119075,-989833,0,4,48,4,0,0,1,Independent
131355,460265,1,1,103,0,1,0,1,Democrat
294254,724619,0,5,103,3,1,1,1,Republican
278838,-518499,1,2,103,3,0,1,0,Independent
32693,-299638,1,5,50,4,0,1,0,Independent
229092,833796,2,3,98,1,1,0,1,Republican
70591,-986287,0,4,36,1,1,1,1,Independent
169863,537778,1,1,67,0,1,1,1,Republican
222692,148167,2,4,105,3,1,1,1,Independent
82325,53270,2,3,28,4,1,1,0,Republican
245926,948821,1,0,76,1,0,0,0,Democrat
144822,-978515,1,2,103,4,1,0,1,Independent
120085,-8056,2,5,88,0,0,1,0,Democrat
232141,872579,0,5,69,5,1,1,1,Independent
260431,-159905,1,4,56,5,1,1,1,Independent
219374,-629029,0,1,18,4,1,1,0,Republican
3748,-924866,2,5,49,4,1,0,1,Independent
244645,619131,1,5,85,0,0,1,0,Independent
106444,-133773,2,1,93,4,0,1,0,Independent
298364,195598,0,2,45,0,1,0,0,Democrat
28551,163763,0,4,20,2,0,1,1,Republican
297206,-82809,2,1,37,1,1,1,0,Independent
212433,-808216,1,3,20,2,1,0,1,Democrat
117730,-54651,2,2,104,3,0,1,1,Democrat
156134,582329,1,3,88,1,0,1,0,Republican
66536,136220,1,3,29,2,0,1,0,Independent
243971,-959200,1,5,64,2,0,0,1,Independent
244608,10431,2,3,54,2,0,0,1,Democrat
2488,73466,1,1,29,0,1,0,1,Democrat
81567,-24440,0,5,76,4,0,0,0,Democrat
141592,-394474,2,5,95,4,1,1,1,Independent
84442,508306,0,0,61,1,1,0,1,Republican
209235,316489,0,3,95,5,0,1,0,Democrat
84147,-242712,2,3,102,1,0,0,0,Republican
253084,-347310,2,4,69,1,1,0,1,Independent
61652,-851655,1,2,43,0,0,1,0,Republican
1075,28413,2,2,55,4,0,0,1,Independent
108921,250278,1,3,40,4,0,1,0,Independent
264,706896,0,5,25,5,0,1,0,Republican
180234,-970048,0,2,60,4,0,0,1,Independent
157845,-233206,0,4,28,0,0,1,0,Republican
1418,634040,2,3,61,4,1,1,0,Democrat
244938,-169661,0,2,69,5,1,0,0,Democrat
89800,410374,2,5,65,5,0,1,0,Democrat
246267,-724724,2,2,87,2,0,0,0,Republican
235094,-115596,2,2,73,5,0,1,0,Republican
280465,-556161,1,1,35,0,0,1,0,Democrat
260863,-848836,0,3,48,4,1,1,0,Independent
23149,568089,2,3,39,1,1,1,1,Independent
178386,276652,1,4,101,0,0,0,1,Democrat
267907,-100608,2,2,98,3,1,1,0,Democrat
210527,-840896,2,4,80,3,1,0,1,Democrat
100603,14806,1,5,101,3,1,0,1,Democrat
232189,925294,0,1,37,2,1,1,0,Republican
278836,239663,0,1,101,1,0,1,0,Republican
65298,-908585,2,4,51,2,0,0,0,Independent
109129,-257620,2,1,38,5,1,0,0,Republican
294359,-434206,0,4,21,4,0,0,1,Republican
162824,941362,1,4,35,3,1,0,0,Republican
117197,673262,1,1,38,3,0,0,1,Independent
296248,-800686,2,1,47,3,1,1,1,Republican
96645,591443,0,2,35,0,0,1,1,Democrat
219304,652563,0,5,35,4,0,0,0,Independent
224462,502534,0,4,39,3,1,1,0,Independent
14536,-934016,0,0,31,0,1,0,0,Independent
84410,-9078,0,0,102,4,1,0,1,Democrat
277802,-829941,2,4,93,0,1,0,0,Democrat
218086,-188477,1,0,40,3,0,1,1,Republican
253977,-154143,0,0,48,3,1,1,0,Independent
40205,575137,0,3,70,0,1,0,1,Independent
295840,904853,0,4,76,1,1,1,0,Independent
87507,-158453,2,1,56,3,0,1,0,Republican
106755,898140,1,0,44,2,1,1,1,Republican
182594,-745045,1,3,32,2,0,0,0,Democrat
227362,-793119,1,0,38,5,1,1,0,Republican
51422,-506994,2,2,30,5,0,0,1,Republican
159101,-261762,2,5,49,3,0,1,1,Independent
21716,244503,1,2,71,1,0,0,0,Independent
104948,-542107,0,1,74,1,1,1,1,Democrat
114435,-937147,2,0,43,2,1,1,1,Independent
82421,618505,1,2,33,0,1,0,0,Republican
23186,-315841,1,4,65,5,1,0,0,Independent
267153,160712,2,3,90,5,1,0,0,Republican
177223,-635180,1,0,77,3,0,1,0,Republican
139031,-328079,1,0,87,3,0,1,0,Democrat
206495,-253254,2,4,59,1,0,0,0,Democrat
121691,-662801,0,0,70,1,0,1,1,Republican
215330,-299724,2,3,68,3,1,1,0,Independent
126128,897214,0,2,47,1,0,0,0,Democrat
170972,194237,2,3,64,4,0,1,0,Democrat
33547,353240,2,2,21,1,0,1,1,Republican
82911,-924651,2,4,83,2,1,1,0,Independent
164337,-949082,2,2,19,0,1,0,0,Republican
245949,447590,2,1,26,0,1,0,1,Independent
238384,652641,0,4,60,3,0,1,0,Democrat
286773,845681,2,2,94,1,1,1,0,Independent
156210,983107,2,5,99,2,1,0,0,Democrat
194824,-564853,2,5,62,5,1,0,1,Democrat
239303,990075,0,2,71,3,1,0,1,Independent
194935,359353,0,1,18,3,0,1,1,Independent
81826,-177427,2,3,27,5,1,0,1,Independent
154528,289471,1,4,57,3,0,1,1,Democrat
17175,-292961,0,5,92,4,1,1,1,Independent
204861,-194267,1,5,102,1,1,1,0,Republican
12693,-46325,1,4,76,1,1,1,0,Democrat
254495,-411697,0,1,32,4,0,0,0,Democrat
220461,-246624,1,5,30,0,1,0,1,Independent
117368,-26091,1,1,96,0,1,0,0,Republican
29958,266524,1,4,22,2,0,1,0,Republican
237466,-328701,0,3,65,1,0,1,0,Republican
162221,-626796,1,5,36,1,1,1,1,Republican
108532,-27879,1,1,57,3,1,1,0,Independent
260909,279015,0,3,61,4,0,1,1,Democrat
270562,280575,0,1,63,0,0,0,1,Republican
184466,-877445,1,5,96,2,1,1,1,Independent
178785,599448,1,3,67,3,0,1,1,Independent
248299,758183,1,4,50,1,1,0,0,Republican
137468,393672,2,3,39,0,1,1,0,Republican
159843,829341,0,1,77,4,1,0,1,Independent
59406,-758380,1,4,24,0,0,0,0,Republican
69766,529901,0,1,33,3,1,1,0,Democrat
228925,11615,1,5,80,0,0,1,1,Independent
228576,703510,0,0,24,3,1,0,0,Democrat
94844,344934,2,2,44,3,1,0,1,Republican
285196,-751620,0,0,27,4,1,1,1,Democrat
19126,-820606,0,4,68,1,0,0,0,Independent
194783,-592854,1,3,18,3,0,1,0,Republican
260606,231165,1,0,101,5,1,0,0,Independent
246599,406456,2,0,97,5,1,1,1,Independent
220443,-565435,1,5,102,5,0,1,0,Independent
19627,773870,2,4,80,5,1,0,1,Democrat
114693,-68565,0,1,37,4,0,0,1,Democrat
237442,-360717,2,0,72,4,0,0,1,Republican
120949,728261,2,1,20,3,0,1,1,Republican
267461,-290422,1,1,98,0,1,1,1,Independent
113591,477584,1,3,28,4,0,1,0,Democrat
116951,560163,0,5,50,1,0,0,1,Republican
266989,-796477,1,0,45,4,1,1,0,Democrat
83484,75198,0,0,100,0,1,0,0,Independent
91102,855371,1,1,40,4,1,1,1,Democrat
197501,-982507,0,0,27,1,1,1,1,Democrat
270008,-993200,1,1,92,2,0,1,1,Republican
104197,-507272,2,1,62,1,0,0,1,Independent
31307,439001,1,4,66,5,0,1,0,Republican
150777,383745,1,3,47,0,0,1,1,Democrat
255838,958443,1,2,75,0,1,1,0,Republican
148050,-520294,0,2,42,1,1,0,1,Democrat
180568,-9859,2,4,47,1,0,1,1,Republican
201742,-866541,1,1,47,4,0,1,1,Democrat
164018,254442,2,0,32,0,1,0,0,Democrat
244231,-830256,2,0,42,4,1,1,0,Democrat
70218,-217065,2,1,55,1,0,0,0,Independent
234901,-773242,0,1,80,2,0,1,0,Democrat
118915,62645,0,0,49,3,1,0,0,Democrat
223577,-116014,0,4,43,0,1,0,1,Republican
250718,-511594,0,5,65,4,0,0,1,Democrat
75082,853800,0,4,20,1,1,1,1,Democrat
35860,-856096,0,0,47,0,1,1,1,Independent
187504,-354756,1,0,43,5,1,1,1,Independent
255456,445245,1,2,36,3,0,0,1,Republican
164922,-320332,1,5,31,4,0,0,1,Republican
83914,693246,1,4,66,0,1,0,0,Independent
209961,-572802,1,4,77,2,0,1,0,Republican
15586,-255271,0,3,99,1,0,1,1,Democrat
272563,-998908,0,4,35,2,1,0,1,Independent
271901,-488649,2,1,94,3,1,1,0,Independent
98731,909278,1,4,90,0,1,1,1,Republican
257863,-547380,0,4,93,2,0,0,1,Republican
222201,-821484,0,1,26,2,0,0,0,Republican
32801,901663,0,4,93,4,0,1,1,Independent
94714,-467984,0,3,89,2,0,0,0,Republican
207359,-887451,1,3,29,5,1,1,1,Independent
219152,441277,1,1,85,0,0,1,0,Democrat
197254,-334452,1,1,27,2,1,1,1,Independent
139186,-40847,1,3,66,4,1,0,1,Republican
296894,-604574,0,2,61,5,1,0,0,Democrat
153304,971909,0,1,99,5,1,0,0,Democrat
75188,-496232,0,1,83,3,1,0,0,Republican
292595,927780,0,0,89,1,1,0,0,Democrat
25139,-297791,0,5,21,4,1,1,0,Democrat
114155,690745,0,0,39,2,0,1,1,Democrat
195649,709884,1,5,20,1,0,1,0,Democrat
43735,-426554,1,5,66,5,0,0,0,Republican
211959,-351212,0,2,46,0,0,1,1,Democrat
290984,-666312,2,4,94,3,0,0,0,Republican
104925,-379992,1,0,103,5,0,0,1,Democrat
140883,736544,0,1,74,2,1,1,1,Independent
8241,535966,0,5,60,3,0,0,0,Democrat
205935,-533030,2,4,87,5,1,0,1,Republican
3892,673976,0,5,82,4,0,1,0,Republican
269792,941428,0,3,48,1,1,0,0,Republican
118209,-238137,2,2,97,5,0,0,0,Independent
5089,-338428,2,2,42,1,1,1,1,Independent
20369,983155,1,0,101,2,1,0,0,Independent
256919,-87829,0,3,58,4,0,0,0,Independent
10982,-981966,0,0,35,4,0,1,1,Republican
214895,-169562,1,4,21,2,1,1,1,Republican
120865,967686,0,0,88,3,0,1,1,Independent
13257,593032,1,3,61,4,0,0,0,Democrat
299374,284321,0,2,75,4,0,0,0,Republican
291288,-641325,1,2,45,5,0,0,1,Independent
129786,700251,2,5,63,3,0,0,0,Republican
492,-612554,2,5,21,5,0,1,1,Independent
291713,619200,1,5,100,4,0,1,1,Democrat
222580,111798,0,1,101,2,1,0,1,Democrat
11003,-99440,2,4,69,4,0,1,1,Democrat
57562,-989916,2,3,91,1,1,0,0,Independent
228220,-808754,1,2,86,0,1,1,0,Independent
60859,497157,2,5,70,4,0,0,0,Democrat
281528,-73729,1,0,22,0,1,1,0,Republican
2096,-178657,2,0,73,5,1,1,1,Independent
28070,-962084,1,0,56,5,0,0,1,Democrat
289167,-876657,0,4,25,0,0,0,1,Democrat
185343,-940933,0,1,52,5,1,0,1,Independent
261983,312913,0,2,77,1,0,1,0,Democrat
12528,-437157,1,5,104,2,0,1,0,Democrat
277253,254034,0,2,101,5,1,1,1,Republican
134139,737843,0,0,59,4,1,1,1,Republican
298543,843390,1,1,46,1,1,0,0,Republican
275772,-787020,1,1,52,2,1,1,1,Independent
141436,-695905,0,5,76,1,1,0,0,Democrat
220644,734443,0,2,34,3,1,1,1,Republican
18004,413867,0,5,74,5,0,0,1,Republican
278695,566254,1,3,48,2,1,0,0,Democrat
284241,33772,0,3,31,2,1,1,1,Republican
27289,-11362,2,3,34,5,0,1,1,Independent
113645,212183,2,4,90,3,1,0,0,Democrat
100816,104685,1,5,27,1,0,0,0,Independent
114510,930683,2,1,38,0,0,0,1,Republican
186621,93208,0,5,76,3,0,0,1,Democrat
58063,-774607,0,1,76,2,0,0,1,Independent
134751,-850458,1,0,100,5,1,1,1,Independent
55340,-58095,2,4,56,5,1,1,1,Democrat
270108,-227548,1,5,104,1,0,1,1,Independent
234708,-514354,1,0,35,3,1,1,0,Republican
173559,-184908,1,4,29,0,0,0,1,Republican
6143,-930231,1,1,57,1,1,1,0,Democrat
86079,469858,1,5,27,1,1,0,0,Independent
213754,-999994,2,2,54,1,0,0,1,Independent
269221,-929940,0,4,49,3,0,0,1,Republican
291862,-373448,1,4,56,4,0,1,1,Republican
282589,-412372,2,0,89,2,1,0,0,Democrat
134376,352116,0,2,86,1,1,0,0,Independent
201077,842986,2,2,85,4,1,0,0,Independent
298488,279571,0,3,90,1,1,0,0,Independent
242963,-11301,0,5,18,2,0,0,0,Independent
140648,-317192,1,4,64,1,0,1,0,Independent
240311,-93998,2,2,35,4,0,1,1,Republican
239476,810864,1,4,90,3,0,1,0,Democrat
256319,-774613,2,4,69,4,0,0,1,Democrat
180854,662126,1,1,100,3,0,1,0,Republican
68504,666366,1,1,26,4,0,0,1,Democrat
115147,743429,0,5,95,0,1,0,1,Republican
137935,24108,2,4,95,2,1,1,1,Independent
20442,-859712,2,2,93,1,1,0,0,Independent
202440,-819171,1,0,19,1,1,1,0,Independent
76902,526151,1,3,98,4,0,0,0,Democrat
270310,422019,0,5,71,4,1,1,1,Democrat
263892,749026,1,1,44,1,1,1,0,Democrat
278575,-540345,0,1,25,1,1,1,0,Democrat
246569,-862784,0,0,53,4,0,0,0,Republican
123721,-51448,2,0,23,4,0,1,1,Republican
74780,835382,0,4,64,5,0,1,0,Independent
184126,-55256,1,3,98,3,1,1,1,Independent
249537,-178017,0,0,32,0,0,1,1,Democrat
156470,994119,0,4,33,3,1,0,1,Independent
69197,-447303,2,4,52,5,0,1,0,Democrat
186678,305753,0,5,95,0,1,0,0,Independent
226350,935457,2,3,44,3,1,0,1,Republican
71033,-248651,2,0,70,4,1,0,1,Independent
134584,-863449,1,2,45,5,1,1,0,Democrat
189185,-303334,1,1,58,0,0,0,0,Democrat
109381,843959,1,1,88,1,0,0,1,Independent
277105,-403252,1,0,95,5,0,0,1,Independent
29929,149035,2,1,73,4,0,0,1,Republican
108180,672123,2,2,71,2,1,0,1,Republican
134418,810683,2,2,27,5,0,0,1,Independent
203953,-703989,1,4,45,1,1,0,1,Republican
156728,796614,2,0,82,2,0,0,0,Democrat
233675,130512,1,2,45,1,0,1,0,Republican
41813,986290,0,1,41,5,1,1,0,Democrat
223007,-46463,1,5,38,5,0,0,0,Republican
160887,-703691,2,4,57,0,0,1,1,Independent
46156,-328191,2,2,47,0,0,0,0,Independent
49698,-994488,0,0,94,2,0,0,1,Democrat
14307,-780239,2,4,46,4,0,1,0,Democrat
138248,-783862,1,2,50,1,0,1,0,Republican
64392,260473,1,5,87,3,0,0,0,Republican
7994,-967282,1,4,73,5,0,1,1,Republican
221642,-430778,2,3,25,4,0,0,1,Independent
47107,322850,0,1,30,2,1,1,0,Independent
253564,-181070,2,1,37,1,1,0,0,Republican
48990,770800,2,1,33,2,0,1,0,Democrat
140256,-992627,1,5,102,2,1,0,0,Independent
137953,-795552,2,2,72,2,1,1,0,Independent
160546,445177,0,3,60,1,0,0,0,Independent
51066,-900262,1,1,67,4,0,0,0,Democrat
146355,155871,1,1,49,5,1,1,0,Independent
229447,876304,0,5,56,1,0,0,1,Independent
162823,133189,2,2,63,0,1,1,0,Independent
192544,727759,0,2,30,0,1,0,0,Republican
86911,475881,2,0,78,2,1,1,1,Republican
31242,-792091,1,5,24,4,1,1,0,Republican
75313,436933,1,3,61,3,0,0,1,Republican
43684,62893,0,3,23,0,1,0,0,Republican
225896,-675975,0,3,55,0,0,1,0,Independent
96540,938807,2,0,104,4,0,0,1,Independent
228731,552982,2,0,86,1,0,0,0,Republican
151040,-978353,2,2,61,3,0,1,0,Independent
131213,220194,1,5,49,4,1,0,1,Republican
186597,-597002,0,5,36,0,1,0,1,Independent
185427,-314225,0,2,70,4,0,1,0,Republican
4976,485327,2,5,57,3,0,0,0,Democrat
51996,-483468,0,0,77,4,0,1,0,Democrat
142655,838580,1,5,89,2,0,1,0,Independent
281423,-328037,1,4,88,2,0,1,0,Republican
5188,92694,0,2,54,3,1,1,1,Independent
291564,-36831,2,2,32,1,1,1,0,Democrat
144029,-332420,0,3,90,2,0,1,0,Democrat
113584,376138,2,3,22,2,0,1,0,Democrat
69973,-511559,0,5,82,3,0,1,0,Democrat
260689,713822,1,5,64,0,0,1,1,Independent
142108,-365041,2,5,105,4,1,1,0,Independent
59505,150818,2,1,18,2,1,1,1,Republican
44860,-679922,1,2,32,3,0,1,0,Democrat
86882,-891622,0,4,24,1,1,1,1,Independent
97983,83492,0,0,23,3,0,0,0,Independent
282837,526138,1,5,29,2,0,1,0,Republican
71118,-391127,0,2,73,0,0,1,1,Republican
293636,-489629,1,2,94,5,1,0,1,Independent
145838,818945,1,1,89,2,0,0,1,Independent
139039,-441265,0,1,105,0,0,0,1,Democrat
203384,-337039,0,5,62,2,0,1,0,Independent
11960,-537827,1,4,91,0,0,0,1,Republican
103282,-424248,1,4,65,5,1,1,0,Republican
189020,839546,2,4,56,1,0,0,0,Republican
83734,-146969,1,5,66,0,0,1,1,Democrat
33060,452515,2,5,65,0,0,0,0,Democrat
59950,-583169,1,2,78,3,1,0,1,Independent
224481,254064,1,2,47,2,1,0,0,Republican
85083,-31309,1,3,75,0,1,0,1,Independent
248173,-988398,2,4,34,1,0,0,0,Independent
16419,-63705,1,3,50,2,0,1,0,Democrat
48197,-476428,2,5,68,5,0,1,1,Democrat
251268,852211,1,4,78,5,0,1,1,Independent
108350,287881,1,0,81,1,0,0,0,Independent
111628,-242885,2,5,36,0,1,1,1,Independent
287556,-153101,1,5,59,4,0,1,0,Republican
50370,-999587,1,5,72,3,1,0,1,Independent
231106,-127805,1,4,57,1,1,1,0,Democrat
171801,142926,2,2,59,2,1,1,1,Democrat
77811,-840973,2,3,65,2,0,0,1,Democrat
165052,248818,0,2,46,5,0,0,0,Independent
176994,35981,0,5,98,3,1,1,0,Republican
37445,-570376,2,3,78,4,0,0,0,Independent
250858,-766014,1,3,104,4,0,1,1,Independent
237903,-734891,2,5,97,5,0,0,1,Independent
136652,-184616,1,2,31,3,1,0,0,Democrat
268343,493411,2,4,44,1,1,0,1,Independent
169714,-371190,2,4,77,5,0,0,0,Independent
110563,580213,2,2,54,2,1,0,0,Republican
263805,-784298,2,3,63,3,1,0,1,Democrat
70981,762636,1,4,75,2,1,1,0,Republican
115427,-162851,2,2,21,0,1,1,0,Republican
251667,-25426,2,5,47,4,0,1,0,Republican
265378,144089,1,2,98,2,1,1,1,Independent
227152,343230,0,1,53,4,0,1,1,Independent
144297,-732844,1,1,37,5,1,0,1,Independent
176672,-609020,0,2,20,1,1,0,0,Republican
247384,200652,1,0,47,1,1,0,1,Independent
11661,828274,0,0,35,4,0,0,1,Democrat
256947,613744,0,3,76,1,1,1,0,Independent
175361,254759,0,4,28,4,1,1,0,Republican
19889,-431781,1,3,33,5,0,1,1,Republican
289371,504384,0,4,71,0,1,0,0,Independent
225927,956752,0,3,48,5,1,0,1,Republican
222693,424766,0,1,92,4,1,0,0,Republican
116639,719850,2,5,30,2,0,1,0,Democrat
114810,-875158,0,1,101,5,1,1,0,Independent
262610,148566,1,5,74,2,1,0,1,Independent
107894,306691,2,3,80,4,1,0,1,Democrat
271528,-440280,1,4,56,4,0,0,0,Democrat
247250,826820,0,2,42,2,0,1,1,Independent
98352,226621,0,1,94,0,0,1,1,Independent
257803,-707982,0,2,82,2,1,1,0,Republican
265782,429009,0,5,46,3,0,1,1,Independent
43948,907826,0,4,81,2,1,0,1,Independent
6126,355401,2,3,59,2,1,1,0,Republican
139689,-256118,1,4,77,3,1,0,0,Independent
179365,-13138,1,3,61,2,1,0,1,Republican
272169,-323967,2,1,27,5,0,1,0,Independent
224532,566087,1,4,35,3,1,1,0,Democrat
129846,736629,0,4,101,4,0,0,0,Independent
24124,-491545,0,0,18,2,1,0,1,Independent
152559,-933145,0,4,99,2,1,1,1,Republican
152977,71272,2,2,40,3,1,1,0,Democrat
125884,50624,2,3,71,5,1,1,0,Republican
68328,719424,2,4,55,2,0,1,0,Republican
130088,720369,0,4,98,4,0,1,1,Independent
139022,-959783,2,3,44,5,1,1,1,Republican
225215,-747959,1,0,103,3,1,0,1,Republican
191197,-539528,1,4,94,0,0,1,0,Independent
90108,907135,1,3,57,5,1,1,0,Democrat
290506,-433408,1,1,28,5,1,0,1,Republican
299700,109868,0,3,25,2,0,1,1,Independent
73250,-810927,0,5,40,1,1,0,1,Independent
76875,-975235,1,5,68,3,1,1,0,Democrat
2378,-438720,1,0,104,1,1,0,0,Democrat
15900,-135208,0,1,56,1,1,0,1,Republican
277179,446234,1,4,42,3,0,1,0,Democrat
51571,-616477,0,4,101,1,1,1,0,Democrat
102571,-803654,2,4,30,3,1,0,0,Independent
209409,628596,0,2,22,5,0,0,1,Independent
35872,-312898,2,2,84,5,0,0,0,Democrat
73739,-84306,0,0,54,0,1,0,1,Independent
190815,-889933,1,5,64,5,0,0,1,Independent
145777,-544339,2,5,60,2,0,1,1,Independent
38076,-586838,2,2,32,0,1,1,0,Democrat
153647,-239802,2,4,64,4,0,0,0,Republican
80272,793596,0,0,94,2,0,0,1,Independent
24153,-907624,0,4,46,4,1,1,1,Independent
148943,948107,2,2,22,4,0,0,0,Republican
52592,-282775,0,2,83,3,0,1,1,Republican
121315,-754598,1,0,86,4,0,1,1,Republican
258581,-165065,1,0,96,2,1,0,0,Republican
9871,-670619,2,4,103,3,0,1,0,Democrat
218507,-418498,2,5,31,5,1,1,1,Independent
222876,481215,2,2,40,5,1,1,1,Republican
200219,514981,1,0,44,2,0,1,1,Democrat
272761,72584,1,4,37,2,0,0,0,Republican
278475,937543,0,5,44,0,0,1,0,Republican
113051,992153,1,4,26,4,0,1,0,Democrat
4164,-643334,1,1,98,4,1,1,0,Republican
125407,-802588,1,5,92,0,0,1,0,Republican
285512,467218,2,0,25,2,1,0,1,Republican
274344,138757,0,2,102,2,0,1,0,Democrat
18465,280156,1,3,39,4,1,0,1,Democrat
60330,502155,1,0,29,5,0,0,0,Democrat
80730,-100708,1,3,43,5,0,1,1,Democrat
222840,-17043,0,0,70,0,1,1,0,Independent
65039,487393,2,5,66,0,1,1,0,Republican
148941,-121142,0,4,42,4,0,0,0,Independent
140568,270763,1,2,95,2,1,1,0,Republican
73843,-696554,1,2,94,3,0,0,1,Republican
1526,-853886,0,5,83,1,1,1,1,Democrat
115679,-462663,1,4,56,2,1,0,1,Democrat
191696,-279084,0,4,48,4,0,0,0,Independent
99318,111223,2,5,76,1,1,0,1,Democrat
298242,926098,0,4,46,1,1,1,0,Independent
200098,-705482,1,5,93,5,1,0,1,Republican
249691,-530015,2,0,78,5,1,1,1,Democrat
225831,475320,2,5,62,3,1,1,1,Republican
77766,544180,1,1,48,3,1,1,1,Democrat
109323,968922,1,1,49,0,1,0,0,Democrat
292146,-865043,2,0,61,1,1,0,0,Democrat
205806,-396357,2,5,87,2,1,1,0,Republican
140055,-390014,0,1,70,5,0,0,1,Independent
253796,-100794,1,3,68,1,1,1,1,Republican
290214,-839598,1,5,19,0,0,0,1,Independent
118744,-207243,1,4,45,1,1,1,0,Republican
222779,338355,2,1,65,3,1,1,1,Independent
261993,-477670,1,2,33,0,1,0,1,Republican
226680,329184,1,1,48,0,1,0,1,Democrat
185,223894,2,0,51,4,0,1,0,Republican
59923,737280,0,2,65,5,0,1,0,Republican
85592,778377,0,2,83,1,1,1,1,Democrat
55309,-288218,1,3,77,4,1,0,1,Independent
158807,872846,2,3,86,5,0,1,1,Independent
167655,848691,1,4,99,1,0,0,0,Democrat
220185,273721,0,3,63,1,0,1,1,Democrat
129978,-67514,0,1,99,2,0,0,1,Democrat
168147,26022,2,0,63,0,0,0,0,Independent
254369,-619686,2,1,33,3,0,0,0,Independent
276138,868661,0,2,37,3,1,1,1,Independent
294460,-774591,0,3,66,3,0,1,0,Independent
209044,36254,0,2,35,3,1,1,0,Independent
68362,-602283,0,4,26,1,1,1,1,Independent
249364,21079,2,2,54,2,0,1,1,Republican
216098,969316,2,4,59,2,1,1,0,Republican
115456,769198,0,0,66,5,0,0,1,Democrat
189568,171679,0,5,63,5,0,1,0,Democrat
24157,878839,1,4,24,2,1,0,1,Democrat
253270,657514,1,5,65,5,0,1,1,Republican
238816,-888805,0,3,32,4,1,1,1,Independent
296161,557947,0,5,94,1,0,1,1,Democrat
112866,-699364,1,2,53,5,0,1,0,Democrat
69973,-304172,1,1,83,0,1,0,1,Republican
23397,701488,1,3,20,4,1,1,1,Democrat
197069,-114803,1,4,48,4,0,1,1,Independent
70091,840345,2,2,51,3,1,0,0,Republican
197484,732876,2,3,36,0,0,1,1,Independent
97363,-247700,0,5,71,5,0,1,1,Independent
6774,-608638,2,3,73,3,1,0,1,Independent
19462,673895,1,1,79,5,1,0,0,Democrat
93720,239484,2,4,86,0,1,1,0,Republican
254516,-303510,2,2,64,0,0,0,0,Republican
115748,76553,2,3,41,4,0,0,1,Democrat
75698,-100753,2,3,39,1,0,0,1,Republican
60433,123245,2,3,34,1,0,1,1,Democrat
132975,497546,0,4,24,0,1,0,1,Republican
12611,480062,2,3,27,3,0,1,0,Democrat
174917,789310,0,0,49,1,1,1,1,Independent
63818,976483,2,3,100,4,0,0,1,Democrat
122423,48662,1,4,97,3,1,0,1,Independent
254504,252512,0,3,19,2,1,1,1,Independent
15260,766555,0,5,18,0,1,0,0,Republican
48192,867963,1,2,43,1,1,1,1,Democrat
144275,734473,1,4,57,3,1,1,0,Democrat
51866,95306,0,0,33,1,1,0,1,Democrat
20323,-535885,1,5,102,2,0,0,1,Independent
236705,-889551,0,5,33,4,1,1,1,Republican
84735,739704,2,0,42,3,1,0,0,Democrat
100670,924783,1,1,69,0,0,0,1,Independent
254708,-976114,0,4,58,0,1,0,1,Democrat
185187,-754888,0,4,30,0,1,0,1,Republican
172809,238412,0,2,82,0,1,1,0,Independent
259231,508105,1,3,97,4,1,1,1,Republican
65752,269951,0,1,54,5,0,0,1,Independent
71315,745806,2,0,53,3,1,1,1,Independent
15300,389416,2,2,74,3,1,0,1,Republican
173815,-369618,0,3,27,3,0,0,1,Republican
234440,331559,2,3,92,1,0,1,1,Democrat
15803,-926204,0,5,45,1,0,1,1,Democrat
74438,-537239,1,1,86,0,0,0,0,Independent
40767,-37492,2,5,82,3,0,0,1,Republican
116461,-862151,1,5,77,4,0,1,0,Democrat
85596,718638,2,1,76,3,0,1,0,Democrat
116938,346986,1,3,19,0,1,0,0,Democrat
206870,-453556,2,0,83,5,1,0,0,Republican
55143,454260,1,4,47,0,0,0,1,Democrat
211227,-584915,2,0,53,3,1,1,1,Independent
126412,571369,0,0,51,5,0,1,1,Democrat
140545,38216,1,5,64,4,1,0,1,Republican
67176,728598,1,2,37,2,1,1,0,Republican
297120,592064,2,5,43,0,1,1,1,Democrat
63607,-243936,2,4,92,1,0,0,1,Republican
239616,-20152,1,4,90,5,1,0,0,Republican
180116,-441395,1,0,80,5,1,0,1,Republican
260749,300189,1,1,44,2,1,0,0,Independent
195879,736444,1,4,55,0,0,1,0,Independent
150620,-5404,1,1,52,3,1,0,1,Republican
239819,-528380,1,4,72,3,0,1,1,Democrat
161275,977896,2,3,44,1,0,0,0,Republican
291895,949401,2,5,63,5,1,1,1,Independent
109316,-447683,1,4,32,1,1,0,0,Independent
286407,-690382,1,1,41,0,0,1,1,Democrat
172187,-909411,0,5,62,1,1,1,1,Democrat
146183,388613,1,5,78,2,0,1,0,Republican
225687,-758234,1,1,75,4,0,1,1,Republican
88748,617030,1,3,73,3,0,1,0,Democrat
164823,-235736,0,3,70,1,0,0,1,Democrat
136607,-367388,0,4,32,0,0,0,1,Republican
107651,716231,1,5,81,4,1,0,1,Republican
284639,686601,1,5,57,4,1,0,1,Republican
88877,-718231,0,2,26,5,1,1,0,Independent
180565,-946820,2,3,31,0,1,1,0,Democrat
229221,-600998,2,4,59,5,0,1,1,Democrat
54211,-191839,1,0,56,2,0,1,0,Independent
108175,-906592,2,1,97,1,0,0,0,Republican
114673,80553,0,1,101,0,0,1,0,Independent
142073,111868,0,4,78,1,1,0,0,Independent
27895,807147,0,5,43,3,1,0,1,Democrat
336,-215610,1,5,32,1,1,0,0,Independent
227972,181369,1,5,75,2,1,0,1,Democrat
208065,348136,0,0,33,3,0,0,1,Independent
201100,468713,0,5,91,0,1,0,0,Republican
238943,544700,0,1,67,1,0,1,0,Independent
196468,999628,0,4,100,4,1,0,1,Democrat
160252,161547,2,5,29,3,1,0,1,Democrat
171956,197562,1,2,105,2,1,0,0,Republican
175755,57032,1,1,25,2,1,0,1,Democrat
126172,134413,2,2,38,0,1,0,1,Independent
196947,-938829,0,2,24,3,1,0,0,Independent
190540,-228681,1,2,105,2,0,0,1,Democrat
66794,141944,0,1,79,0,0,1,0,Independent
45935,-178677,1,2,96,3,1,1,1,Democrat
291079,-631738,2,3,61,5,1,1,0,Democrat
143400,-221100,1,5,18,0,1,0,1,Democrat
214035,439173,1,1,100,3,0,1,0,Democrat
109537,117965,1,0,52,5,1,1,1,Independent
32588,672512,0,4,74,4,1,0,0,Independent
166821,151913,1,4,51,2,0,1,1,Democrat
188254,690811,1,3,25,5,0,0,0,Independent
225852,-953365,2,1,36,3,0,1,0,Republican
104611,-942320,0,2,60,1,0,0,0,Republican
183528,228586,2,2,85,0,0,1,0,Independent
226953,-388796,0,2,58,3,1,1,1,Republican
212749,-959949,1,2,86,5,0,0,0,Republican
11038,918829,0,3,66,2,1,1,1,Democrat
181193,693718,2,0,75,2,0,0,0,Republican
120769,395066,0,1,63,4,1,0,1,Democrat
35785,845730,2,0,75,1,0,1,0,Democrat
46687,452393,0,0,103,5,1,0,1,Republican
13353,-794970,2,4,102,5,1,1,1,Democrat
285369,609921,2,1,52,1,0,0,0,Democrat
87570,973754,0,1,92,5,0,1,1,Republican
92743,-404583,2,1,71,3,0,1,0,Independent
279447,122017,2,0,76,1,1,1,0,Republican
155207,542691,1,0,89,2,1,1,1,Republican
115903,-460897,0,2,80,1,0,1,0,Republican
273740,-185691,1,2,64,5,1,1,1,Republican
225785,640499,2,3,102,0,0,1,1,Democrat
38087,779252,2,4,37,4,1,0,0,Democrat
226307,-281859,0,4,59,3,1,0,1,Democrat
100424,-187734,2,0,54,5,0,0,1,Independent
233839,-517668,1,0,90,3,0,1,1,Republican
146175,712330,0,4,23,4,0,1,1,Independent
159594,46966,0,0,93,5,0,0,0,Democrat
136064,-312488,2,5,68,4,1,1,0,Independent
168041,-32051,1,2,39,4,1,1,1,Republican
1621,207351,2,2,104,0,0,1,1,Republican
233552,603629,2,0,45,4,1,1,0,Independent
20071,-49344,2,1,71,2,0,0,1,Democrat
23175,-406831,2,4,35,1,0,1,1,Democrat
249009,-45936,0,5,37,2,1,0,0,Democrat
151963,77843,1,1,31,2,1,0,0,Republican
52227,-268677,2,0,23,0,1,1,1,Independent
15555,-83022,1,4,91,1,0,1,1,Democrat
51873,478968,2,3,55,3,0,0,0,Democrat
241381,-906757,1,4,74,3,0,1,0,Democrat
64542,701108,1,3,79,4,0,1,1,Democrat
282783,361164,2,2,59,5,1,1,1,Republican
130116,-964826,1,0,96,3,0,0,1,Republican
115898,691381,2,5,84,0,0,1,1,Democrat
146302,494412,0,3,65,0,1,0,0,Independent
16479,-603245,1,2,20,0,0,0,0,Republican
115681,160308,1,2,36,0,0,0,1,Democrat
257867,428139,0,3,55,2,1,0,0,Independent
136393,647952,2,2,87,2,1,1,1,Independent
70820,260337,0,3,78,3,1,0,1,Democrat
160190,-957193,2,5,56,1,1,0,1,Democrat
15779,-579347,0,0,35,3,1,1,0,Democrat
13189,170160,0,4,97,0,1,1,1,Republican
81847,560563,0,0,36,2,1,0,1,Democrat
184169,725895,2,3,67,3,0,1,0,Independent
241639,639982,1,4,65,0,1,1,1,Republican
171667,-719106,1,3,24,2,0,0,1,Republican
212912,-614106,2,4,67,3,1,1,0,Democrat
160455,738328,1,5,24,4,1,1,1,Independent
194908,479005,1,2,91,1,1,1,1,Republican
46795,-332610,0,3,93,1,1,0,0,Independent
244274,563344,1,2,33,4,1,0,1,Independent
266324,406428,0,5,53,2,1,1,0,Republican
29412,-128270,1,2,63,1,1,1,0,Republican
89805,727227,2,2,35,5,0,0,0,Independent
32013,841751,1,2,100,2,1,0,1,Independent
291236,-870321,2,5,45,4,1,1,1,Democrat
138933,670134,0,3,50,0,0,1,0,Republican
26899,-427055,0,5,72,5,1,0,1,Republican
103224,263588,2,4,56,1,0,1,1,Independent
160724,-576091,0,2,46,1,1,0,1,Democrat
267203,888670,1,2,48,1,1,1,0,Independent
199037,245711,0,5,45,2,0,0,0,Independent
154048,806202,1,1,90,2,0,1,1,Independent
134590,-940780,1,4,59,5,1,0,0,Independent
147754,783852,0,4,50,5,1,0,0,Republican
262300,-215168,1,4,95,4,0,1,0,Democrat
58588,747309,1,5,49,4,0,0,1,Republican
33396,722543,2,0,51,4,0,1,1,Democrat
191489,-305527,0,2,67,3,1,1,0,Democrat
96670,107419,0,3,77,5,0,0,0,Republican
245006,-565223,1,2,45,0,0,0,0,Democrat
285102,66090,1,5,45,3,1,0,0,Democrat
174181,-104268,0,2,43,3,1,1,1,Independent
130640,-566171,2,2,102,1,1,0,0,Democrat
110004,-642659,0,3,74,4,0,1,1,Independent
274999,857646,0,0,32,5,1,0,0,Democrat
191585,-278548,0,4,90,4,1,0,1,Democrat
257983,766290,0,3,54,3,1,0,0,Democrat
224574,-457298,1,4,79,4,1,1,0,Republican
282092,765796,0,4,43,2,1,1,1,Republican
74529,589489,2,4,102,0,1,0,1,Democrat
132052,-338920,0,2,77,4,1,0,0,Independent
108775,260871,0,4,48,0,1,1,0,Democrat
168373,-721503,0,3,42,4,0,1,1,Democrat
64078,-541158,0,0,43,2,0,1,0,Independent
59951,-954443,0,1,45,4,1,0,0,Republican
116422,941659,2,4,41,2,1,0,1,Republican
150370,-883250,1,4,82,1,0,0,0,Independent
232858,-883049,2,1,91,3,1,1,1,Republican
35832,227876,2,2,38,0,1,0,1,Republican
189244,510994,2,2,70,1,0,1,1,Independent
151148,50314,1,1,95,5,0,1,0,Republican
111819,53605,1,4,79,1,1,1,1,Republican
12746,798632,0,5,98,5,0,0,1,Republican
182028,-68738,0,3,24,2,0,1,0,Democrat
100546,-901322,1,1,33,1,1,1,1,Democrat
223363,-538255,0,3,62,4,0,1,0,Democrat
234515,-911250,2,4,77,0,1,1,0,Republican
147560,981980,2,1,61,5,0,1,0,Democrat
125609,829017,2,5,27,2,1,0,0,Independent
190018,897005,0,3,45,3,1,0,1,Independent
236858,178308,2,0,56,2,0,0,1,Democrat
235780,180629,1,3,60,3,1,0,1,Independent
261821,-839419,1,2,55,5,1,0,0,Republican
47174,-340794,2,5,29,0,0,0,0,Independent
275991,274256,1,0,81,1,1,0,0,Democrat
284069,-914953,1,4,74,5,0,1,0,Republican
183462,-169065,1,2,71,1,0,0,0,Democrat
100636,750208,2,3,71,4,0,1,0,Independent
37626,20830,0,1,38,4,0,1,0,Democrat
79765,63483,2,1,71,5,0,1,0,Republican
111219,-573449,0,4,35,2,0,0,0,Republican
105591,-611207,0,1,59,1,1,1,0,Republican
201463,310275,1,3,58,5,1,0,1,Republican
